# embassy_id|channel_id|access_role_id|category_id|active|source_name
afghanistan|1428503770492305508|1428504069127016539|1371015715662069821|1|afganistan-embassy
algeria|1507296721003221123|1507296817614950430|1470403546665975900|1|algeria-embassy
argentina|1486413479534661672|1486414227056103544|1470403546665975900|1|argentina-embassy
australia|1372102117686247424|1372102415087702058|1371015715662069821|1|australia-embassy
austria|1430050640272425024|1430050814650744853|1371015715662069821|1|austria-embassy
bahrain|1479154781959491717|1479155293785952447|1470403546665975900|1|bahrain-embassy
bangladesh|1500864361059582105|1500864564781383881|1470403546665975900|1|bangladesh-embassy
belgium|1455081974585884683|1455082027769528433|1371015715662069821|1|belgium-embassy
benin|1495406928212263032|1474464243465060587|1470403546665975900|1|benin-embassy
bhutan|1503714217306492928|1443223354856177845|1470403546665975900|1|bhutan-2-embassy
bhutanembassydeprecated|1443223478223503421||1371015715662069821|0|bhutan-embassy-deprecated
brazil|1476086944223068210|1476088988422111447|1470403546665975900|1|brazil-embassy
brunei|1515039528639922326|1515039580787576884|1470403546665975900|1|brunei-embassy
bulgaria|1470024855050125353|1470025022213980245|1371015715662069821|1|bulgaria-embassy
burundi|1493933378637004840|1492862712387080364|1470403546665975900|1|burundi-embassy
cambodia|1429491483446214768|1429491743572623440|1371015715662069821|1|cambodia-embassy
canada|1489632450454753513|1489632556478501015|1470403546665975900|1|canada-embassy
chile|1461141059169026263|1461140988239282287|1371015715662069821|1|chile-embassy
china|1522091155494408212|1522091363590475918|1470403546665975900|1|china-embassy
colombia|1491104370463342722|1491104477510631737|1470403546665975900|1|colombia-embassy
comoros|1480754731940057109|1480755024421326890|1470403546665975900|1|comoros-embassy
croatia|1493914607839088730|1493914746632667197|1470403546665975900|1|croatia-embassy
cyprus|1371070839830741012|1371070716610351186|1371015715662069821|1|cyprus-embassy
denmark|1459255172432920780|1459255313357082866|1371015715662069821|1|denmark-embassy
egypt|1454758069908017185|1454758305938411604|1371015715662069821|1|egypt-embassy
elsalvador|1493915173902094488|1493691590579851424|1470403546665975900|1|el-salvador-embassy
embassy|1501896653651836958||1470403546665975900|1|embassy-embassy
equatorialguinea|1482344436468809893|1482344534175252654|1470403546665975900|1|equatorial-guinea-embassy
eritrea|1489916443431796817|1489916693886140436|1470403546665975900|1|eritrea-embassy
ethiopia|1470138775538503741|1470138834317479977|1470403546665975900|1|ethiopia-embassy
finland|1486050633684615228|1486050704576614430|1470403546665975900|1|finland-embassy
france|1463211725653545253|1463212141275254976|1371015715662069821|1|france-embassy
germany|1424157854817980457|1424157929124270172|1371015715662069821|1|germany-embassy
greece|1460286683537866883|1460286900647759994|1371015715662069821|1|greece-embassy
hungary|1529879133289709740|1529879347673174197|1470403546665975900|1|hungary-embassy
indonesia|1379181830946951349|1379181989931782215|1371015715662069821|1|indonesia-embassy
iran|1501547820665278605|1501547962126307388|1470403546665975900|1|iran-embassy
iraq|1470401290004856955|1470401377032339630|1371015715662069821|1|iraq-embassy
ireland|1524859134481141831|1491899325112914001|1470403546665975900|1|ireland-embassy
irish|1486124003667087551||1470403546665975900|1|irish-embassy
israel|1524623948262936736|1524624042328457468|1470403546665975900|1|israel-embassy
italy|1447166219290415234|1447166281886339273|1371015715662069821|1|italy-embassy
kazakhstan|1463508367543898112|1463508063032971408|1371015715662069821|1|kazakhstan-embassy
kenya|1448407443129368606|1448407544904159436|1371015715662069821|1|kenya-embassy
kuwait|1468153819740241971|1468155006237671556|1371015715662069821|1|kuwait-embassy
kysely|1479797519595733144||1371015715662069821|1|kysely-embassy
libya|1526870480596766750|1526870245090787328|1470403546665975900|1|libya-embassy
lithuania|1385535847612416040|1385535923911000095|1371015715662069821|1|lithuania-embassy
malaysia|1430551073088737364|1430551202621423737|1371015715662069821|1|malaysia-embassy
mali|1448569165492523110|1448569780691927111|1371015715662069821|1|mali-embassy
malta|1481614869902917704|1481614966132838533|1470403546665975900|1|malta-embassy
mauritania|1472955690976018574|1472956688062480424|1470403546665975900|1|mauritania-embassy
mexico|1486067321771655370|1486066865381052569|1470403546665975900|1|mexico-embassy
moldova|1479240649298415776|1479241539690561618|1470403546665975900|1|moldova-embassy
mongolia|1531667374137278584|1531667433671098488|1470403546665975900|1|mongolia-embassy
morocco|1504711690321924156|1504711433089187911|1470403546665975900|1|morocco-embassy
myanmar|1527856872672067664|1527857188050174033|1470403546665975900|1|myanmar-embassy
nepal|1460283405840285787|1460283462182371338|1371015715662069821|1|nepal-embassy
netherland|1470029200181166180|1470029326958329856|1371015715662069821|1|netherland-embassy
newyemen|1527935424847151194||1470403546665975900|1|new-yemen-embassy
newzealand|1484517424685646004|1484517499201654895|1470403546665975900|1|new-zealand-embassy
nigeria|1525762915221635072|1525762748837789696|1470403546665975900|1|nigeria-embassy
pakistan|1381447278639845466|1381489845112803338|1371015715662069821|1|pakistan-embassy
palestine|1439638466001633384|1439597637253730416|1371015715662069821|1|palestine-embassy
peru|1385324800532287673|1385324903217238067|1371015715662069821|1|peru-embassy
philippines|1470632374675963924|1470632431135494418|1470403546665975900|1|philippines-embassy
poland|1371025883548352512|1371025675363942421|1371015715662069821|1|poland-embassy
portugal|1455863199462064221|1455863436989956126|1371015715662069821|1|portugal-embassy
romania|1456275889171071028|1456275990203334873|1371015715662069821|1|romania-embassy
russia|1468188704970506367|1468190237300756686|1371015715662069821|1|russia-embassy
serbia|1429879873018658816|1429880301055901828|1371015715662069821|1|serbia-embassy
singapore|1446855261691187271|1446856209142517861|1371015715662069821|1|singapore-embassy
southafrica|1372101722591334450|1372102290772725780|1371015715662069821|1|south-africa-embassy
srilanka|1431122263650074705|1431122490125586542|1371015715662069821|1|sri-lanka-embassy
sweden|1478689020711141386|1478689178299404368|1470403546665975900|1|sweden-embassy
syria|1491664046699712592|1491663677160689704|1470403546665975900|1|syria-embassy
taiwan|1428772736670503083|1428772901544530062|1371015715662069821|1|taiwan-embassy
tajikistan|1493915636777226320|1493693272848339075|1470403546665975900|1|tajikistan-embassy
tanzania|1480894305139953816|1480894409879978105|1470403546665975900|1|tanznia-embassy
thailand|1438186017851965604|1438186143257464872|1371015715662069821|1|thailand-embassy
timor|1371027318331670609|1371027100072411167|1371015715662069821|1|timor-embassy
togo|1490922810392969226|1490923620728072534016|1470403546665975900|1|togo-embassy
turkiye|1439719666321719437|1439719955762385136|1371015715662069821|1|turkiy-embassy
turkmenistan|1429491181724766308|1429491684009316483|1371015715662069821|1|turkmenistan-embassy
uae|1467937579403051324|1467939362372190315|1371015715662069821|1|uae-embassy
uganda|1509181831726104726|1509181925686906880|1470403546665975900|1|uganda-embassy
ukraine|1435938014454087680|1435938370655354932|1371015715662069821|1|ukraine-embassy
unitedkingdom|1446961618889212034|1446961693300363456|1371015715662069821|1|united-kingdom-embassy
unitedkorea|1463211868599353435|1463212219981631544|1371015715662069821|1|united-korea-embassy
uruguay|1371027857786142720|1371027779822424104|1371015715662069821|1|uruguay-embassy
usa|1438215365799710851|1438215643290796063|1371015715662069821|1|usa-embassy
uzbekistan|1383143512517644338|1383143132308176906|1371015715662069821|1|uzbekistan-embassy
venezuela|1471172188135755983|1471173102711869460|1470403546665975900|1|venezuela-embassy
vietnam|1509392082513432748|1509392303817494732|1470403546665975900|1|vietnam-embassy
yemen|1493934097062694932|1492231320724705281|1470403546665975900|1|yemen-embassy
